name,lat,lon,a_greenland,a_west_antarctic,a_east_antarctic
Abashiri,44.017,144.283,1.1551,1.1233,1.1870
Abidjan,5.250,-4.000,0.9862,1.0986,1.0837
Aburatsu,31.350,131.250,1.1990,1.1042,1.1899
Acajutla,13.583,-89.833,0.9766,1.1942,1.1094
"Acapulco, Gro.",16.833,-99.917,0.9861,1.2178,1.1120
"Adak, Aleutian Is.",51.867,-176.633,1.0420,1.2480,1.1873
Aden,12.783,44.983,0.9724,1.0172,1.0541
Akyab (Sittwe),20.150,92.900,1.0765,1.0180,1.1061
Alert,82.500,-62.317,-3.3884,1.1347,1.0819
Alexandria,31.217,29.917,0.7904,0.9751,1.0607
Alotau,-10.317,150.450,1.1060,1.1857,1.1228
Ambon,-3.700,128.200,1.1236,1.1880,1.1253
"Ammassalik, Greenland",65.500,-37.000,-5.2531,1.1580,1.0787
Andenes,69.190,16.090,-0.5000,1.0621,1.0988
Antofagasta,-23.390,-70.240,1.1659,0.8948,1.1050
"Apra Hbr, Guam, Marianas",13.433,144.650,1.2287,1.1955,1.2114
Ascension,-7.917,-14.417,1.1542,1.1570,1.1458
"Atlantic City, NJ",39.350,-74.417,0.4822,1.2206,1.0454
Auckland-Waitemata Hbr.,-36.510,174.460,1.0539,0.9797,0.9846
Bahia Esperanza,-63.300,-56.917,1.2843,-0.3566,0.6161
Balboa,8.967,-79.600,0.9918,1.1687,1.1165
"Baltra, Galapagos Is.",-0.433,-90.283,1.1138,1.1514,1.1756
Barentsburg (Spitsbergen),78.067,14.250,-1.1637,1.0952,1.1095
Benoa,-8.733,115.200,1.0979,1.1996,1.0864
"Bermuda, St. Georges Is.",32.367,-64.700,0.6238,1.2630,1.1079
Bluff,-46.600,168.350,1.0302,0.8436,0.7822
Booby Is.,-10.600,141.917,1.0732,1.1616,1.0825
Brest,48.383,-4.500,0.1949,1.0924,1.0929
Brisbane (West Inner Bar),-27.367,153.167,1.0083,1.0935,0.9785
Broome,-18.000,122.217,1.0155,1.1531,0.9846
Buenaventura,3.900,-77.100,1.0026,1.1099,1.0946
Burnett Heads (Bundaberg),-24.767,152.380,1.0139,1.1061,0.9986
Cabo San Antonio,21.900,-84.900,0.8850,1.2407,1.1057
Cabo San Lucas,22.883,-109.900,0.9861,1.2566,1.1165
Callao (La Punta),-12.050,-77.150,1.1140,1.0029,1.1206
Cananeia,-25.017,-47.925,1.1761,0.9237,1.0679
Capitan Prat Base (Antarctica),-62.290,-59.380,1.2890,-0.2887,0.6628
Carnarvon,-24.900,113.650,1.0235,1.1882,0.9333
Cartagena,10.400,-75.550,0.9657,1.1704,1.1085
Cascais,38.417,-9.250,0.4735,1.1093,1.0946
Casey,-66.283,110.533,1.0241,0.6454,-1.3821
Castletownbere,51.650,-9.903,-0.0180,1.1241,1.1066
Cayenne,4.850,-52.283,0.9772,1.1233,1.0999
Ceuta (Spanish N. Africa),35.540,-5.190,0.5486,1.0651,1.0632
Chabahar,25.300,60.600,0.9709,0.9778,1.0874
Chatham Is.,-43.950,-176.550,1.0724,0.8200,0.9227
Chendering/Kuala Terengganu,5.267,103.183,1.1047,1.1163,1.1072
Chichijima,27.083,142.183,1.2454,1.1662,1.2208
Chittagong,22.333,91.833,1.0519,0.9891,1.0872
Christmas Is.,-10.417,105.667,1.1020,1.2170,1.0779
"Christmas Is., Line Is.",1.983,-157.483,1.1985,1.2306,1.2241
"Chuuk Atoll, Caroline Is.",7.450,151.850,1.2112,1.2117,1.2046
Cilacap,-7.567,108.983,1.0907,1.1862,1.0770
Clipperton Is.,10.283,-109.217,1.0952,1.2359,1.1736
Cochin,9.967,76.267,1.0942,1.0969,1.1244
Coco Solo,9.367,-79.883,0.9924,1.1754,1.1197
Cocos Is. (Keeling),-12.700,96.900,1.1112,1.2390,1.0705
Colombo,6.933,79.850,1.1153,1.1295,1.1344
Conakry,9.517,-13.717,0.9400,1.1129,1.0932
Crozet Is.,-46.425,51.870,1.1839,1.1514,0.6175
"Cuxhaven, Steubenhoft",53.867,8.717,0.1491,1.0322,1.0707
Dakar,14.660,-17.440,0.8925,1.1417,1.1140
Daru,-9.050,143.200,1.0792,1.1599,1.0901
Darwin,-12.467,130.850,1.0452,1.1518,1.0416
"Davao, Davao Gulf",7.083,125.633,1.1669,1.1623,1.1625
Davis,-68.450,77.967,1.0720,0.6358,-1.4644
Diego Garcia Is.,-7.283,72.400,1.1348,1.2233,1.1037
Dikson,73.367,80.650,0.2974,1.0105,1.0913
Djibouti,11.600,43.150,0.9577,1.0056,1.0346
"Duck, N.C.",35.183,-75.750,0.6029,1.2398,1.0671
Dumont d'Urville,-66.662,140.010,1.0131,0.4557,-1.1662
Durban,-29.883,31.033,1.1552,1.1500,0.9163
Dzaoudzi (Mayotte),-12.783,45.250,1.1153,1.1846,1.0439
"Edinburgh, Tristan da Cunha",-37.050,-12.300,1.3140,1.0237,1.0081
Esperance,-33.867,121.900,0.9934,1.1418,0.8203
Exuma,23.783,-76.100,0.8284,1.2482,1.1094
"Faraday, Argentine Islands",-65.250,-64.267,1.2582,-0.9120,0.5691
Fernando de Noronha,-3.833,-32.400,1.1061,1.1430,1.1493
Fort Dauphin (Taolanaro),-25.017,47.000,1.1483,1.2184,0.9668
"Fort Pulaski, GA",32.033,-80.900,0.6858,1.2169,1.0496
Fort-de-France,14.583,-61.050,0.9082,1.2051,1.1239
Fortaleza,-3.717,-38.467,1.0722,1.1076,1.1192
Fremantle,-32.050,115.733,0.9968,1.1565,0.8353
"French Frigate Shoals, H",23.867,-166.283,1.2232,1.2915,1.2187
"Funafuti, Ellice Is.",-8.383,179.217,1.1599,1.1934,1.1940
Funchal (Madeira),32.386,-16.547,0.5986,1.1561,1.1195
"Galveston (Pier 21), TX",29.317,-94.800,0.8026,1.2118,1.0477
Gan,-0.700,73.167,1.1296,1.1865,1.1273
Gibara,21.117,-76.133,0.8666,1.2407,1.1148
Gibraltar,36.148,-5.365,0.5378,1.0708,1.0683
"Godthaab/Nuuk, Greenland",64.167,-51.733,-3.5424,1.1752,1.0636
Goteborg-Torshamnen,57.410,11.480,0.0485,1.0301,1.0738
Gwader,25.117,62.333,0.9812,0.9823,1.0923
Hadera,32.467,30.883,0.7873,0.9785,1.0692
Hafun (Dante),10.450,51.250,1.0330,1.0688,1.0952
Hakodate,41.470,140.430,1.1703,1.1139,1.1891
Halifax,44.667,-63.583,0.2232,1.2301,1.0656
Hamada,34.900,132.067,1.1715,1.0809,1.1705
"Hilo, Hawaiian Is.",19.733,-155.067,1.2013,1.2940,1.2118
Honiara,-9.433,159.950,1.1314,1.1951,1.1553
"Honolulu, Hawaiian Is.",21.300,-157.867,1.2062,1.2958,1.2131
Inhambane,-23.917,35.500,1.1387,1.1719,0.9673
Isla Guadalupe,28.883,-118.300,0.9772,1.2791,1.1160
Ittoqqortoormiit/Scoresbysund,70.483,-21.967,-3.9100,1.1320,1.0920
"Johnston Is., Hawaiian Is.",16.733,-169.533,1.2317,1.2749,1.2248
"Jolo, Sulu",6.067,121.000,1.1581,1.1597,1.1553
Juan Fernandez Island,-33.370,-78.500,1.2531,0.7799,1.1389
Kaliningrad,54.950,20.217,0.2615,0.9882,1.0565
Kanmen,28.083,121.283,1.1424,1.0465,1.1403
"Kanton Is., Phoenix Is.",-2.490,-171.430,1.1881,1.2143,1.2160
"Kapingamarangi, Caroline Is.",1.100,154.783,1.1819,1.2117,1.1886
"Karachi, Manoro Island",24.800,66.967,0.9861,0.9734,1.0829
Keppel Harbour,1.467,103.833,1.0938,1.1295,1.0928
Kerguelen Island,-49.345,70.220,1.1349,1.1367,0.4756
"Key West, FL",24.550,-81.800,0.8363,1.2456,1.0996
Ko Lak,11.783,99.817,1.1006,1.0744,1.1107
Ko Taphao Noi,7.833,98.433,1.1111,1.1087,1.1184
Kushimoto,33.490,135.460,1.2023,1.1136,1.1935
Kushiro,42.580,144.220,1.1717,1.1304,1.1944
Kwajalein,8.733,167.733,1.2264,1.2353,1.2203
La Coruna,43.213,-8.232,0.3399,1.0995,1.0882
La Guaira,10.617,-66.933,0.9336,1.1536,1.0929
La Jolla (Scripps Pier) CA,32.867,-117.267,0.9042,1.2471,1.0753
La Libertad,-2.200,-80.917,1.0774,1.0986,1.1340
Lagos,6.421,3.407,0.9674,1.0766,1.0654
Laohutan (Dalian),38.867,121.683,1.1056,1.0196,1.1340
"Las Palmas, Canary Is.",28.133,-15.417,0.6840,1.1412,1.1093
"Legaspi, Albay",13.150,123.750,1.1862,1.1436,1.1782
Lerwick,60.150,-1.133,-0.3682,1.1023,1.1101
Lobito,-12.333,13.567,1.0902,1.0999,1.0280
Lombrum (Manus),-2.033,147.367,1.1505,1.1962,1.1595
Lord Howe Is.,-31.517,159.067,1.0346,1.0822,0.9824
Lusi,32.133,121.617,1.1437,1.0449,1.1489
Macquarie Is.,-54.500,158.933,1.0341,0.7341,0.4952
Madras,13.100,80.300,1.0907,1.0754,1.1244
Majuro,7.100,171.367,1.2207,1.2370,1.2197
Malakal,7.333,134.467,1.1893,1.1837,1.1829
Male,4.167,73.500,1.1217,1.1540,1.1368
Malin Head,55.367,-7.333,-0.1880,1.1039,1.0947
Manado (Bitung),1.433,125.200,1.1473,1.1796,1.1466
"Manila, South Harbor",14.583,120.967,1.1753,1.1254,1.1684
"Manzanillo, Col.",19.050,-104.333,0.9835,1.2277,1.1084
Mar del Plata,-38.050,-57.550,1.2494,0.7375,1.0468
Marion Is.,-46.867,37.867,1.2185,1.1104,0.6494
Marmagao,15.417,73.800,1.0560,1.0417,1.1049
Marseille,43.300,5.350,0.4434,1.0373,1.0688
Mawson,-67.600,62.867,1.0993,0.6654,-1.1979
Mera,34.550,139.490,1.2103,1.1293,1.2008
"Midway Is, Hawaiian Is.",28.217,-177.367,1.2395,1.2762,1.2249
Minami-tori-shima,24.180,153.580,1.2600,1.2078,1.2303
"Minicoy, Laccadive Is.",8.283,73.050,1.1090,1.1228,1.1377
Mirny (Antarctica),-66.550,93.017,1.0451,0.6889,-1.3841
Mogadishu,2.017,45.333,1.0429,1.0951,1.0658
Mombasa,-4.050,39.667,1.0429,1.0987,1.0325
Montevideo,-34.900,-56.250,1.2190,0.7833,1.0459
Moulmein (Mawlamyine),16.483,97.617,1.0850,1.0368,1.1022
Mtwara,-10.283,40.183,1.0796,1.1388,1.0275
Murmansk,68.967,33.050,-0.0877,1.0123,1.0779
Nagaevo Bay,59.733,150.700,0.9054,1.0830,1.1179
Nagasaki,32.440,129.520,1.1857,1.0897,1.1810
Naha,26.217,127.667,1.2062,1.1130,1.1938
Nain,56.550,-61.700,-0.5965,1.1915,1.0448
"Nauru, Gilbert Is.",-0.533,166.900,1.1854,1.2197,1.2001
Newlyn,50.100,-5.550,0.1142,1.1030,1.1001
"Newport, RI",41.500,-71.333,0.3960,1.2187,1.0448
Nome,64.500,-165.417,0.6721,1.1735,1.0986
Norfolk Is.,-29.067,167.950,1.0630,1.0852,1.0465
Nosy-Be,-13.400,48.283,1.1121,1.1874,1.0374
"Noumea, New Caledonia",-22.300,166.433,1.0827,1.1366,1.0977
"Nuku Hiva, Marquesas Is.",-8.933,-140.083,1.1855,1.1478,1.2271
Ny Alesund,78.933,11.950,-1.3084,1.1018,1.1117
Ofunato,39.017,141.750,1.1839,1.1196,1.1891
Padang (Telu Bayuk),-1.000,100.367,1.0944,1.1476,1.0898
"Pago Pago, American Samoa",-14.283,-170.683,1.1488,1.1511,1.1912
Palmeira,16.755,-22.983,0.8760,1.1769,1.1375
"Papeete, Tahiti",-17.533,-149.567,1.1683,1.0880,1.2108
Pascua (Easter) Is.,-27.150,-109.450,1.2289,0.8970,1.2099
Pemba,-12.967,40.483,1.0918,1.1518,1.0199
Pengkalan TLDM Lumut,4.233,100.617,1.0980,1.1163,1.1004
Penrhyn,-8.590,-158.067,1.1767,1.1713,1.2178
"Pensacola, FL",30.400,-87.217,0.7475,1.2148,1.0483
Petropavlovsk-Kamchatsky,52.983,158.650,1.0528,1.1523,1.1706
Pituffik/Thule,76.550,-68.867,-4.4924,1.1494,1.0631
"Pohnpei, Caroline Is.",6.590,158.150,1.2127,1.2215,1.2088
Pointe La Rue,-4.672,55.527,1.1168,1.1851,1.0986
Pointe-Noire,-4.783,11.833,1.0463,1.0871,1.0446
Ponta da Madeira,-2.567,-44.367,1.0331,1.0801,1.0912
"Ponta Delgado, Azores",37.442,-25.403,0.4414,1.1990,1.1320
"Port Blair, Andaman Is.",11.683,92.767,1.1253,1.1033,1.1422
Port Elizabeth,-33.570,25.370,1.1735,1.1216,0.8872
Port Hedland,-20.317,118.567,1.0145,1.1633,0.9663
Port Louis Harbour,-20.150,57.500,1.1465,1.2495,1.0188
Port of Spain,10.650,-61.517,0.9372,1.1668,1.1077
"Port Royal, Kingston",17.933,-76.850,0.9082,1.2289,1.1188
Port Sonara,4.005,9.125,0.9783,1.0629,1.0482
"Port Tuapse, Black Sea",44.100,39.067,0.6747,0.9391,1.0562
Port-au-Prince/Les Cayes,18.567,-72.350,0.8858,1.2276,1.1174
Portland,-38.343,141.613,0.9834,1.0544,0.7979
Porto De Imbituba,-28.230,-48.650,1.2108,0.9050,1.0765
Porto De Macae,-22.385,-41.770,1.1907,0.9851,1.0915
Porto de Rio Grande,-32.100,-52.183,1.2206,0.8428,1.0619
Prince Rupert,54.317,-130.333,0.6552,1.2224,1.0586
"Progreso, Yuc.",21.300,-89.650,0.8990,1.2230,1.0924
Providenya,64.500,-173.183,0.7199,1.1728,1.1148
"Prudhoe Bay, AK",70.400,-148.527,0.3365,1.1759,1.0842
"Pte des Galets, Reunion Is",-20.933,55.300,1.1476,1.2452,1.0113
Puerto Angel,15.650,-96.500,0.9871,1.2142,1.1159
Puerto Deseado,-47.750,-65.917,1.2657,0.4651,0.9728
Puerto Madryn,-42.767,-65.033,1.2390,0.5990,1.0100
Puerto Montt,-41.290,-72.580,1.2265,0.6038,1.0349
Pusan,35.100,129.033,1.1631,1.0704,1.1662
Qaqortoq,60.717,-46.033,-2.6425,1.1854,1.0762
Quarry Bay,22.283,114.217,1.1292,1.0475,1.1302
Quepos,9.400,-84.167,1.0011,1.1757,1.1200
Qui Nhon,13.767,109.217,1.1280,1.0852,1.1307
Rabaul,-4.200,152.183,1.1474,1.2016,1.1615
Rarotonga,-21.200,-159.767,1.1458,1.0744,1.1851
Reykjavik,64.150,-21.933,-1.7824,1.1426,1.0961
"Rikitea, Gambier",-23.133,-134.950,1.1863,0.9971,1.2119
Rio de Janeiro - I.Fiscal,-22.900,-43.167,1.1832,0.9677,1.0826
"Rodrigues, Port Mathurin",-19.683,63.417,1.1441,1.2597,1.0249
Rorvik,64.867,11.250,-0.3510,1.0496,1.0837
Rothera,-67.572,-68.128,1.2465,-1.4701,0.4903
Russkaya Gavan,76.233,62.583,0.0039,1.0507,1.1134
Sabang,5.833,95.333,1.1266,1.1374,1.1333
Saint Paul Island,-38.712,77.538,1.1201,1.2411,0.7583
Saipan,15.233,145.733,1.2361,1.1964,1.2158
Salalah,17.000,54.000,1.0001,1.0240,1.0898
Salvador,-12.967,-38.517,1.1377,1.0579,1.1083
San Felix,-26.170,-80.070,1.2313,0.8928,1.1675
"San Francisco, CA",37.800,-122.467,0.8853,1.2586,1.0802
"San Juan, Puerto Rico",18.467,-66.117,0.8723,1.2270,1.1223
"Sand Point, AK",55.333,-160.500,0.8904,1.2474,1.1429
Santa Cruz del Flores (Azores),39.273,-31.075,0.3643,1.2170,1.1322
Sao Tome,0.348,6.737,1.0373,1.1059,1.0813
Scott Base,-77.510,166.460,1.0576,-0.6793,-1.1996
Settlement Point,26.717,-78.983,0.7906,1.2475,1.0952
"Seward, AK",60.117,-149.433,0.6821,1.2037,1.0853
Siboney,23.100,-82.467,0.8606,1.2445,1.1047
Simonstown,-34.183,18.433,1.2094,1.1187,0.9133
"Sitka, AK",57.050,-135.333,0.6431,1.2258,1.0738
Socorro Is.,18.733,-111.017,1.0369,1.2613,1.1428
"South Beach, OR",44.380,-124.030,0.7947,1.2445,1.0634
South Georgia,-54.250,-36.750,1.3254,0.4977,0.7996
Spring Bay,-42.550,147.933,0.9965,0.9980,0.7534
"St John's, Newfoundland",47.567,-52.717,-0.0080,1.2364,1.0924
St Peter & St Paul Rocks,0.917,-29.350,1.0690,1.1661,1.1549
St. Helena,-15.967,-5.700,1.2059,1.1529,1.1186
"Stanley, Falklands/Malvinas",-51.750,-57.933,1.3079,0.3896,0.9175
Stockholm,59.317,18.083,0.0763,1.0135,1.0717
Stornoway,58.200,-6.383,-0.3603,1.1142,1.1073
Suez (Port Taufig),29.933,32.567,0.7969,0.9510,1.0370
Surabaya,-7.217,112.733,1.0905,1.1822,1.0801
Suva,-18.133,178.433,1.1201,1.1438,1.1552
"Sydney, Fort Denison",-33.850,151.233,0.9892,1.0525,0.8964
Syowa,-69.000,39.600,1.1425,0.5512,-1.2086
Takoradi,4.883,-1.750,0.9950,1.1017,1.0868
Tan Tan,28.500,-11.050,0.6675,1.0917,1.0726
"Tarawa, Gilbert Is.",1.363,172.930,1.1976,1.2261,1.2106
Thevenard,-32.150,133.640,0.9618,1.0868,0.8448
Tiksi,71.667,128.750,0.5647,1.0367,1.0906
Tofino,49.150,-125.917,0.7271,1.2391,1.0617
Tongatapu,-21.167,-175.250,1.1198,1.1103,1.1541
"Torshavn, Faroe Islands.",62.017,-6.767,-0.6927,1.1243,1.1163
Townsville,-19.250,146.833,1.0100,1.1130,1.0096
Toyama,36.460,137.140,1.1751,1.0949,1.1739
Tregde,58.000,7.567,-0.0461,1.0502,1.0831
Trieste,45.650,13.750,0.4473,0.9887,1.0440
Trindade Is.,-20.500,-29.300,1.2408,1.0836,1.1367
Tumaco,1.833,-78.733,1.0318,1.1093,1.1109
"Unalaska, Aleutian Is. AK",53.883,-166.533,0.9619,1.2581,1.1681
Ushuaia,-54.817,-68.300,1.2664,0.1572,0.8654
Valparaiso,-33.033,-71.617,1.2125,0.7713,1.0897
Vanuatu,-17.767,168.300,1.1049,1.1594,1.1325
Vardo,70.333,31.100,-0.1952,1.0347,1.0939
"Veracruz, Ver.",19.200,-96.133,0.9397,1.2109,1.0912
Veraval,20.900,70.367,1.0293,1.0092,1.1032
Virginia Keys,25.732,-80.162,0.8107,1.2456,1.0961
Vishakhapatnam,17.683,83.283,1.0708,1.0340,1.1109
Waikelo,-9.383,119.217,1.0940,1.1967,1.0846
"Wake Is., Marshall Is.",19.283,166.617,1.2566,1.2413,1.2311
Wakkanai,45.417,141.683,1.1330,1.1054,1.1765
Walvis Bay,-22.949,14.499,1.1462,1.1090,0.9889
Wellington,-41.170,174.470,1.0422,0.9063,0.9135
Won San,39.167,127.450,1.1171,1.0357,1.1377
Xiamen,24.450,118.067,1.1322,1.0439,1.1301
"Yap, Caroline Is.",9.517,138.133,1.2043,1.1877,1.1945
Yuzhno Kurilsk,44.017,145.867,1.1658,1.1372,1.1972
Zanzibar,-6.150,39.183,1.0537,1.1103,1.0302
Zhapo,21.583,111.833,1.1153,1.0375,1.1190
